{
  "project_info": {
    "project_number": "326903557541",
    "firebase_url": "https://task1-5efb2.firebaseio.com",
    "project_id": "task1-5efb2",
    "storage_bucket": "task1-5efb2.appspot.com"
  },
  "client": [
    {
      "client_info": {
        "mobilesdk_app_id": "1:326903557541:android:726b23593e5d0c95298c4c",
        "android_client_info": {
          "package_name": "com.twowaits.Task1"
        }
      },
      "oauth_client": [
        {
          "client_id": "326903557541-pqqulsd3skphi3q7ak32uaje7sb84l2b.apps.googleusercontent.com",
          "client_type": 3
        }
      ],
      "api_key": [
        {
          "current_key": "AIzaSyBizrKOk796eWhbaWuIqWCD51vDS7GGTew"
        }
      ],
      "services": {
        "appinvite_service": {
          "other_platform_oauth_client": [
            {
              "client_id": "326903557541-pqqulsd3skphi3q7ak32uaje7sb84l2b.apps.googleusercontent.com",
              "client_type": 3
            }
          ]
        }
      }
    }
  ],
  "configuration_version": "1"
}